Sahel Shrestha,sahelstha2061@gmail.com,sahel@123,Nepali
Emily Johnson,emily.johnson88@gmail.com,emily@456,USA
Takashi Yamamoto,takashi.yama@jpmail.jp,taka@789,Japan
Ravi Mehta,ravi.mehta21@yahoo.in,ravi@321,Indian
Oliver Smith,oliver.smith@outlook.co.uk,oliver@987,UK
Liam Wilson,liam.wilson@mail.au,liam@456,Australia
Nirajan Khadka,nirajan.khadka@gmail.com,nirajan@123,Nepali
Sophia Thompson,sophia.t@gmail.com,sophia@234,USA
Yuki Saito,yuki.saito@mail.jp,yuki@111,Japan
Amit Sharma,amit.sharma99@rediffmail.in,amit@678,Indian
George Clark,george.clark@ukmail.com,george@890,UK
Isla Brown,isla.brown@ozmail.au,isla@135,Australia
Kabita Rana,kabita.rana@np.com,kabita@456,Nepali
James Miller,james.miller23@gmail.com,james@654,USA
Hiroshi Tanaka,hiroshi.t@jpemail.jp,hiroshi@789,Japan
Priya Kapoor,priya.kapoor@gmail.com,priya@123,Indian
Charlotte Moore,charlotte.moore@ukmail.co.uk,charlotte@852,UK
Noah Davies,noah.d@mail.au,noah@369,Australia
Anju KC,anju.kc@np.com,anju@963,Nepali
Jackson White,jackson.white@gmail.com,jackson@741,USA
Keiko Nakamura,keiko.n@gmail.jp,keiko@852,Japan
Manoj Joshi,manoj.joshi@yahoo.in,manoj@159,Indian
Harry Evans,harry.evans@outlook.uk,harry@258,UK
Zoe Campbell,zoe.campbell@mail.au,zoe@753,Australia
Sanjay Lama,sanjay.lama@np.net,sanjay@951,Nepali
Ethan Harris,ethan.harris@gmail.com,ethan@159,USA
Sakura Fujii,sakura.fujii@jp.net,sakura@357,Japan
Rajeev Singh,rajeev.singh@ymail.in,rajeev@468,Indian
Freya Lewis,freya.lewis@mail.uk,freya@159,UK
Ava Allen,ava.allen@ausmail.com.au,ava@963,Australia
Kritika Thapa,kritika.thapa@gmail.com,kritika@234,Nepali
Benjamin Scott,ben.scott@aol.com,ben@345,USA
Naoko Kimura,naoko.kimura@jpmail.jp,naoko@432,Japan
Suresh Bhatta,suresh.bhatta@outlook.in,suresh@987,Indian
Mason Hall,mason.hall@ukmail.co.uk,mason@654,UK
Lily Young,lily.young@ozmail.com,lily@321,Australia
Bikash Rai,bikash.rai@gmail.com,bikash@753,Nepali
Lucas Martin,lucas.martin@ymail.com,lucas@456,USA
Haruka Takahashi,haruka.t@jp.net,haruka@123,Japan
Neha Reddy,neha.reddy@rediff.in,neha@789,Indian
Alfie Baker,alfie.baker@mail.uk,alfie@741,UK
Grace Kelly,grace.kelly@ausmail.au,grace@951,Australia
Ramesh Giri,ramesh.giri@np.com,ramesh@159,Nepali
Aiden King,aiden.king@gmail.com,aiden@123,USA
Kenta Mori,kenta.mori@mail.jp,kenta@654,Japan
Anjali Mishra,anjali.mishra@yahoo.in,anjali@456,Indian
Harvey Walker,harvey.walker@ukmail.com,harvey@963,UK
Emma Taylor,emma.taylor@mail.au,emma@789,Australia
Sita Tamang,sita.tamang@gmail.com,sita@753,Nepali
Sahel Shrestha,sahel123@gmail.com,sahel@123,Nepali

sahel ,sahelsthaaa2061@gmail.com,sahel@123,nep
sahel,sahel@123gmail.com,sahel@123,sa
